[
  {
    "id": 1,
    "title": "iPhone 9",
    "description": "An apple mobile which is nothing like apple",
    "price": 549,
    "discountPercentage": 12.96,
    "rating": 4.69,
    "stock": 94,
    "brand": "Apple",
    "category": "smartphones",
    "thumbnail": "https://i.dummyjson.com/data/products/1/thumbnail.jpg",
    "images": [
      "https://i.dummyjson.com/data/products/1/1.jpg",
      "https://i.dummyjson.com/data/products/1/2.jpg",
      "https://i.dummyjson.com/data/products/1/3.jpg",
      "https://i.dummyjson.com/data/products/1/4.jpg",
      "https://i.dummyjson.com/data/products/1/thumbnail.jpg"
    ],
    "image": "https://i.dummyjson.com/data/products/1/thumbnail.jpg"
  },
  {
    "id": 2,
    "title": "iPhone X",
    "description": "SIM-Free, Model A19211 6.5-inch Super Retina HD display with OLED technology A12 Bionic chip with ...",
    "price": 899,
    "discountPercentage": 17.94,
    "rating": 4.44,
    "stock": 34,
    "brand": "Apple",
    "category": "smartphones",
    "thumbnail": "https://i.dummyjson.com/data/products/2/thumbnail.jpg",
    "images": [
      "https://i.dummyjson.com/data/products/2/1.jpg",
      "https://i.dummyjson.com/data/products/2/2.jpg",
      "https://i.dummyjson.com/data/products/2/3.jpg",
      "https://i.dummyjson.com/data/products/2/thumbnail.jpg"
    ],
    "image": "https://i.dummyjson.com/data/products/2/thumbnail.jpg"
  },
  {
    "id": 3,
    "title": "Samsung Universe 9",
    "description": "Samsung's new variant which goes beyond Galaxy to the Universe",
    "price": 1249,
    "discountPercentage": 15.46,
    "rating": 4.09,
    "stock": 36,
    "brand": "Samsung",
    "category": "smartphones",
    "thumbnail": "https://i.dummyjson.com/data/products/3/thumbnail.jpg",
    "images": [
      "https://i.dummyjson.com/data/products/3/1.jpg"
    ],
    "image": "https://i.dummyjson.com/data/products/3/thumbnail.jpg"
  },
  {
    "id": 4,
    "title": "OPPOF19",
    "description": "OPPO F19 is officially announced on April 2021.",
    "price": 280,
    "discountPercentage": 17.91,
    "rating": 4.3,
    "stock": 123,
    "brand": "OPPO",
    "category": "smartphones",
    "thumbnail": "https://i.dummyjson.com/data/products/4/thumbnail.jpg",
    "images": [
      "https://i.dummyjson.com/data/products/4/1.jpg",
      "https://i.dummyjson.com/data/products/4/2.jpg",
      "https://i.dummyjson.com/data/products/4/3.jpg",
      "https://i.dummyjson.com/data/products/4/4.jpg",
      "https://i.dummyjson.com/data/products/4/thumbnail.jpg"
    ],
    "image": "https://i.dummyjson.com/data/products/4/thumbnail.jpg"
  },
  {
    "id": 5,
    "title": "Huawei P30",
    "description": "Huawei’s re-badged P30 Pro New Edition was officially unveiled yesterday in Germany and now the device has made its way to the UK.",
    "price": 499,
    "discountPercentage": 10.58,
    "rating": 4.09,
    "stock": 32,
    "brand": "Huawei",
    "category": "smartphones",
    "thumbnail": "https://i.dummyjson.com/data/products/5/thumbnail.jpg",
    "images": [
      "https://i.dummyjson.com/data/products/5/1.jpg",
      "https://i.dummyjson.com/data/products/5/2.jpg",
      "https://i.dummyjson.com/data/products/5/3.jpg"
    ],
    "image": "https://i.dummyjson.com/data/products/5/thumbnail.jpg"
  },
  {
    "id": 36,
    "title": "Sleeve Shirt Womens",
    "description": "Cotton Solid Color Professional Wear Sleeve Shirt Womens Work Blouses Wholesale Clothing Casual Plain Custom Top OEM Customized",
    "price": 90,
    "discountPercentage": 10.89,
    "rating": 4.26,
    "stock": 39,
    "brand": "Professional Wear",
    "category": "tops",
    "thumbnail": "https://i.dummyjson.com/data/products/36/thumbnail.jpg",
    "images": [
      "https://i.dummyjson.com/data/products/36/1.jpg",
      "https://i.dummyjson.com/data/products/36/2.webp",
      "https://i.dummyjson.com/data/products/36/3.webp",
      "https://i.dummyjson.com/data/products/36/4.jpg",
      "https://i.dummyjson.com/data/products/36/thumbnail.jpg"
    ],
    "image": "https://i.dummyjson.com/data/products/36/thumbnail.jpg"
  },
  {
    "id": 37,
    "title": "ank Tops for Womens/Girls",
    "description": "PACK OF 3 CAMISOLES ,VERY COMFORTABLE SOFT COTTON STUFF, COMFORTABLE IN ALL FOUR SEASONS",
    "price": 50,
    "discountPercentage": 12.05,
    "rating": 4.52,
    "stock": 107,
    "brand": "Soft Cotton",
    "category": "tops",
    "thumbnail": "https://i.dummyjson.com/data/products/37/thumbnail.jpg",
    "images": [
      "https://i.dummyjson.com/data/products/37/1.jpg",
      "https://i.dummyjson.com/data/products/37/2.jpg",
      "https://i.dummyjson.com/data/products/37/3.jpg",
      "https://i.dummyjson.com/data/products/37/4.jpg",
      "https://i.dummyjson.com/data/products/37/thumbnail.jpg"
    ],
    "image": "https://i.dummyjson.com/data/products/37/thumbnail.jpg"
  },
  {
    "id": 38,
    "title": "sublimation plain kids tank",
    "description": "sublimation plain kids tank tops wholesale",
    "price": 100,
    "discountPercentage": 11.12,
    "rating": 4.8,
    "stock": 20,
    "brand": "Soft Cotton",
    "category": "tops",
    "thumbnail": "https://i.dummyjson.com/data/products/38/thumbnail.jpg",
    "images": [
      "https://i.dummyjson.com/data/products/38/1.png",
      "https://i.dummyjson.com/data/products/38/2.jpg",
      "https://i.dummyjson.com/data/products/38/3.jpg",
      "https://i.dummyjson.com/data/products/38/4.jpg"
    ],
    "image": "https://i.dummyjson.com/data/products/38/thumbnail.jpg"
  },
  {
    "id": 39,
    "title": "Women Sweaters Wool",
    "description": "2021 Custom Winter Fall Zebra Knit Crop Top Women Sweaters Wool Mohair Cos Customize Crew Neck Women' S Crop Top Sweater",
    "price": 600,
    "discountPercentage": 17.2,
    "rating": 4.55,
    "stock": 55,
    "brand": "Top Sweater",
    "category": "tops",
    "thumbnail": "https://i.dummyjson.com/data/products/39/thumbnail.jpg",
    "images": [
      "https://i.dummyjson.com/data/products/39/1.jpg",
      "https://i.dummyjson.com/data/products/39/2.jpg",
      "https://i.dummyjson.com/data/products/39/3.jpg",
      "https://i.dummyjson.com/data/products/39/4.jpg",
      "https://i.dummyjson.com/data/products/39/thumbnail.jpg"
    ],
    "image": "https://i.dummyjson.com/data/products/39/thumbnail.jpg"
  },
  {
    "id": 40,
    "title": "women winter clothes",
    "description": "women winter clothes thick fleece hoodie top with sweat pantjogger women sweatsuit set joggers pants two piece pants set",
    "price": 57,
    "discountPercentage": 13.39,
    "rating": 4.91,
    "stock": 84,
    "brand": "Top Sweater",
    "category": "tops",
    "thumbnail": "https://i.dummyjson.com/data/products/40/thumbnail.jpg",
    "images": [
      "https://i.dummyjson.com/data/products/40/1.jpg",
      "https://i.dummyjson.com/data/products/40/2.jpg"
    ],
    "image": "https://i.dummyjson.com/data/products/40/thumbnail.jpg"
  },
  {
    "id": 31,
    "title": "Mornadi Velvet Bed",
    "description": "Mornadi Velvet Bed Base with Headboard Slats Support Classic Style Bedroom Furniture Bed Set",
    "price": 40,
    "discountPercentage": 17,
    "rating": 4.16,
    "stock": 140,
    "brand": "Furniture Bed Set",
    "category": "furniture",
    "thumbnail": "https://i.dummyjson.com/data/products/31/thumbnail.jpg",
    "images": [
      "https://i.dummyjson.com/data/products/31/1.jpg",
      "https://i.dummyjson.com/data/products/31/2.jpg",
      "https://i.dummyjson.com/data/products/31/3.jpg",
      "https://i.dummyjson.com/data/products/31/4.jpg",
      "https://i.dummyjson.com/data/products/31/thumbnail.jpg"
    ],
    "image": "https://i.dummyjson.com/data/products/31/thumbnail.jpg"
  },
  {
    "id": 32,
    "title": "Sofa for Coffe Cafe",
    "description": "Ratttan Outdoor furniture Set Waterproof  Rattan Sofa for Coffe Cafe",
    "price": 50,
    "discountPercentage": 15.59,
    "rating": 4.74,
    "stock": 30,
    "brand": "Ratttan Outdoor",
    "category": "furniture",
    "thumbnail": "https://i.dummyjson.com/data/products/32/thumbnail.jpg",
    "images": [
      "https://i.dummyjson.com/data/products/32/1.jpg",
      "https://i.dummyjson.com/data/products/32/2.jpg",
      "https://i.dummyjson.com/data/products/32/3.jpg",
      "https://i.dummyjson.com/data/products/32/thumbnail.jpg"
    ],
    "image": "https://i.dummyjson.com/data/products/32/thumbnail.jpg"
  },
  {
    "id": 33,
    "title": "3 Tier Corner Shelves",
    "description": "3 Tier Corner Shelves | 3 PCs Wall Mount Kitchen Shelf | Floating Bedroom Shelf",
    "price": 700,
    "discountPercentage": 17,
    "rating": 4.31,
    "stock": 106,
    "brand": "Kitchen Shelf",
    "category": "furniture",
    "thumbnail": "https://i.dummyjson.com/data/products/33/thumbnail.jpg",
    "images": [
      "https://i.dummyjson.com/data/products/33/1.jpg",
      "https://i.dummyjson.com/data/products/33/2.jpg",
      "https://i.dummyjson.com/data/products/33/3.jpg",
      "https://i.dummyjson.com/data/products/33/4.jpg",
      "https://i.dummyjson.com/data/products/33/thumbnail.jpg"
    ],
    "image": "https://i.dummyjson.com/data/products/33/thumbnail.jpg"
  },
  {
    "id": 34,
    "title": "Plastic Table",
    "description": "V﻿ery good quality plastic table for multi purpose now in reasonable price",
    "price": 50,
    "discountPercentage": 4,
    "rating": 4.01,
    "stock": 136,
    "brand": "Multi Purpose",
    "category": "furniture",
    "thumbnail": "https://i.dummyjson.com/data/products/34/thumbnail.jpg",
    "images": [
      "https://i.dummyjson.com/data/products/34/1.jpg",
      "https://i.dummyjson.com/data/products/34/2.jpg",
      "https://i.dummyjson.com/data/products/34/3.jpg",
      "https://i.dummyjson.com/data/products/34/4.jpg",
      "https://i.dummyjson.com/data/products/34/thumbnail.jpg"
    ],
    "image": "https://i.dummyjson.com/data/products/34/thumbnail.jpg"
  },
  {
    "id": 35,
    "title": "3 DOOR PORTABLE",
    "description": "Material: Stainless Steel and Fabric  Item Size: 110 cm x 45 cm x 175 cm Package Contents: 1 Storage Wardrobe",
    "price": 41,
    "discountPercentage": 7.98,
    "rating": 4.06,
    "stock": 68,
    "brand": "AmnaMart",
    "category": "furniture",
    "thumbnail": "https://i.dummyjson.com/data/products/35/thumbnail.jpg",
    "images": [
      "https://i.dummyjson.com/data/products/35/1.jpg",
      "https://i.dummyjson.com/data/products/35/2.jpg",
      "https://i.dummyjson.com/data/products/35/3.jpg",
      "https://i.dummyjson.com/data/products/35/4.jpg",
      "https://i.dummyjson.com/data/products/35/thumbnail.jpg"
    ],
    "image": "https://i.dummyjson.com/data/products/35/thumbnail.jpg"
  },
  {
    "id": 46,
    "title": "women's shoes",
    "description": "Close: Lace, Style with bottom: Increased inside, Sole Material: Rubber",
    "price": 40,
    "discountPercentage": 16.96,
    "rating": 4.14,
    "stock": 72,
    "brand": "IELGY fashion",
    "category": "womens-shoes",
    "thumbnail": "https://i.dummyjson.com/data/products/46/thumbnail.jpg",
    "images": [
      "https://i.dummyjson.com/data/products/46/1.webp",
      "https://i.dummyjson.com/data/products/46/2.jpg",
      "https://i.dummyjson.com/data/products/46/3.jpg",
      "https://i.dummyjson.com/data/products/46/4.jpg",
      "https://i.dummyjson.com/data/products/46/thumbnail.jpg"
    ],
    "image": "https://i.dummyjson.com/data/products/46/thumbnail.jpg"
  },
  {
    "id": 47,
    "title": "Sneaker shoes",
    "description": "Synthetic Leather Casual Sneaker shoes for Women/girls Sneakers For Women",
    "price": 120,
    "discountPercentage": 10.37,
    "rating": 4.19,
    "stock": 50,
    "brand": "Synthetic Leather",
    "category": "womens-shoes",
    "thumbnail": "https://i.dummyjson.com/data/products/47/thumbnail.jpeg",
    "images": [
      "https://i.dummyjson.com/data/products/47/1.jpg",
      "https://i.dummyjson.com/data/products/47/2.jpg",
      "https://i.dummyjson.com/data/products/47/3.jpg",
      "https://i.dummyjson.com/data/products/47/thumbnail.jpeg"
    ],
    "image": "https://i.dummyjson.com/data/products/47/thumbnail.jpeg"
  },
  {
    "id": 48,
    "title": "Women Strip Heel",
    "description": "Features: Flip-flops, Mid Heel, Comfortable, Striped Heel, Antiskid, Striped",
    "price": 40,
    "discountPercentage": 10.83,
    "rating": 4.02,
    "stock": 25,
    "brand": "Sandals Flip Flops",
    "category": "womens-shoes",
    "thumbnail": "https://i.dummyjson.com/data/products/48/thumbnail.jpg",
    "images": [
      "https://i.dummyjson.com/data/products/48/1.jpg",
      "https://i.dummyjson.com/data/products/48/2.jpg",
      "https://i.dummyjson.com/data/products/48/3.jpg",
      "https://i.dummyjson.com/data/products/48/4.jpg",
      "https://i.dummyjson.com/data/products/48/thumbnail.jpg"
    ],
    "image": "https://i.dummyjson.com/data/products/48/thumbnail.jpg"
  },
  {
    "id": 49,
    "title": "Chappals & Shoe Ladies Metallic",
    "description": "Womens Chappals & Shoe Ladies Metallic Tong Thong Sandal Flat Summer 2020 Maasai Sandals",
    "price": 23,
    "discountPercentage": 2.62,
    "rating": 4.72,
    "stock": 107,
    "brand": "Maasai Sandals",
    "category": "womens-shoes",
    "thumbnail": "https://i.dummyjson.com/data/products/49/thumbnail.jpg",
    "images": [
      "https://i.dummyjson.com/data/products/49/1.jpg",
      "https://i.dummyjson.com/data/products/49/2.jpg",
      "https://i.dummyjson.com/data/products/49/3.webp",
      "https://i.dummyjson.com/data/products/49/thumbnail.jpg"
    ],
    "image": "https://i.dummyjson.com/data/products/49/thumbnail.jpg"
  },
  {
    "id": 50,
    "title": "Women Shoes",
    "description": "2020 New Arrivals Genuine Leather Fashion Trend Platform Summer Women Shoes",
    "price": 36,
    "discountPercentage": 16.87,
    "rating": 4.33,
    "stock": 46,
    "brand": "Arrivals Genuine",
    "category": "womens-shoes",
    "thumbnail": "https://i.dummyjson.com/data/products/50/thumbnail.jpg",
    "images": [
      "https://i.dummyjson.com/data/products/50/1.jpeg",
      "https://i.dummyjson.com/data/products/50/2.jpg",
      "https://i.dummyjson.com/data/products/50/3.jpg"
    ],
    "image": "https://i.dummyjson.com/data/products/50/thumbnail.jpg"
  }
]